{"stats":{"minecraft:broken":{"minecraft:stone_sword":1,"minecraft:stone_pickaxe":1,"minecraft:iron_sword":1,"minecraft:iron_pickaxe":1},"minecraft:custom":{"minecraft:mob_kills":150,"minecraft:animals_bred":6,"minecraft:interact_with_crafting_table":64,"minecraft:bell_ring":6,"minecraft:leave_game":2,"minecraft:time_since_death":117544,"minecraft:climb_one_cm":814,"minecraft:sprint_one_cm":751655,"minecraft:walk_one_cm":994988,"minecraft:damage_blocked_by_shield":810,"minecraft:drop":132,"minecraft:talked_to_villager":45,"minecraft:raid_win":1,"minecraft:play_time":284571,"minecraft:deaths":8,"minecraft:sneak_time":3787,"minecraft:walk_under_water_one_cm":33420,"minecraft:boat_one_cm":454568,"minecraft:jump":3815,"minecraft:walk_on_water_one_cm":42200,"minecraft:total_world_time":284571,"minecraft:interact_with_furnace":135,"minecraft:interact_with_cartography_table":1,"minecraft:sleep_in_bed":16,"minecraft:time_since_rest":7501,"minecraft:damage_taken":6577,"minecraft:damage_absorbed":40,"minecraft:damage_dealt":19836,"minecraft:swim_one_cm":74563,"minecraft:fly_one_cm":707370,"minecraft:open_chest":79,"minecraft:crouch_one_cm":11766,"minecraft:fall_one_cm":84603},"minecraft:crafted":{"minecraft:oak_planks":136,"minecraft:raw_iron":9,"minecraft:oak_pressure_plate":2,"minecraft:furnace":7,"minecraft:bone_meal":36,"minecraft:bookshelf":1,"minecraft:cooked_mutton":5,"minecraft:iron_boots":2,"minecraft:iron_axe":1,"minecraft:iron_hoe":1,"minecraft:stone_pickaxe":1,"minecraft:chest":7,"minecraft:iron_door":3,"minecraft:oak_button":5,"minecraft:cooked_beef":19,"minecraft:oak_slab":6,"minecraft:cooked_porkchop":14,"minecraft:crafting_table":3,"minecraft:spruce_planks":36,"minecraft:wooden_pickaxe":1,"minecraft:iron_helmet":2,"minecraft:iron_sword":2,"minecraft:cooked_salmon":13,"minecraft:bucket":3,"minecraft:bread":2,"minecraft:air":0,"minecraft:blue_dye":2,"minecraft:oak_boat":3,"minecraft:lectern":1,"minecraft:book":3,"minecraft:white_wool":6,"minecraft:iron_chestplate":2,"minecraft:paper":27,"minecraft:shield":1,"minecraft:stick":76,"minecraft:iron_ingot":128,"minecraft:iron_pickaxe":4,"minecraft:wooden_axe":1,"minecraft:stone_sword":1,"minecraft:iron_shovel":1,"minecraft:iron_leggings":2,"minecraft:white_bed":2,"minecraft:torch":212},"minecraft:mined":{"minecraft:tuff":2,"minecraft:white_bed":12,"minecraft:deepslate_diamond_ore":1,"minecraft:oak_door":1,"minecraft:glow_lichen":2,"minecraft:granite":2,"minecraft:grass_block":18,"minecraft:yellow_carpet":1,"minecraft:oak_pressure_plate":2,"minecraft:spruce_leaves":11,"minecraft:composter":13,"minecraft:spawner":2,"minecraft:large_fern":3,"minecraft:raw_iron_block":1,"minecraft:furnace":1,"minecraft:carrots":22,"minecraft:iron_ore":176,"minecraft:fire":1,"minecraft:andesite":9,"minecraft:deepslate_lapis_ore":3,"minecraft:potatoes":5,"minecraft:deepslate_iron_ore":31,"minecraft:green_carpet":2,"minecraft:stone":301,"minecraft:white_wool":3,"minecraft:deepslate_redstone_ore":8,"minecraft:kelp_plant":2,"minecraft:crafting_table":6,"minecraft:torch":8,"minecraft:emerald_ore":2,"minecraft:lectern":18,"minecraft:tall_grass":7,"minecraft:cobblestone":8,"minecraft:lapis_ore":16,"minecraft:deepslate_gold_ore":20,"minecraft:oak_planks":5,"minecraft:sugar_cane":39,"minecraft:sculk":20,"minecraft:diorite":2,"minecraft:wall_torch":6,"minecraft:birch_log":1,"minecraft:wheat":19,"minecraft:white_carpet":1,"minecraft:spruce_log":30,"minecraft:grass":26,"minecraft:oak_log":34,"minecraft:coal_ore":236,"minecraft:beetroots":2,"minecraft:gravel":2,"minecraft:dirt":51,"minecraft:cobweb":4,"minecraft:oak_button":2,"minecraft:stonecutter":1,"minecraft:gold_ore":8,"minecraft:oak_leaves":19,"minecraft:deepslate":25},"minecraft:killed":{"minecraft:cave_spider":2,"minecraft:witch":1,"minecraft:spider":8,"minecraft:vindicator":4,"minecraft:slime":1,"minecraft:skeleton":10,"minecraft:chicken":7,"minecraft:wolf":1,"minecraft:pig":5,"minecraft:salmon":20,"minecraft:bat":1,"minecraft:squid":3,"minecraft:ravager":1,"minecraft:creeper":3,"minecraft:sheep":15,"minecraft:pillager":4,"minecraft:zombie":37,"minecraft:cow":13,"minecraft:enderman":4},"minecraft:killed_by":{"minecraft:player":1,"minecraft:ravager":2,"minecraft:vindicator":4,"minecraft:vex":1},"minecraft:used":{"minecraft:beetroot":2,"minecraft:stone_sword":131,"minecraft:iron_shovel":21,"minecraft:chest":7,"minecraft:shield":19,"minecraft:iron_sword":288,"minecraft:cooked_salmon":9,"minecraft:cooked_chicken":2,"minecraft:rotten_flesh":30,"minecraft:torch":218,"minecraft:dirt":49,"minecraft:mutton":1,"minecraft:carrot":19,"minecraft:iron_hoe":8,"minecraft:wooden_axe":39,"minecraft:iron_axe":69,"minecraft:iron_boots":2,"minecraft:furnace":8,"minecraft:beetroot_seeds":6,"minecraft:egg":1,"minecraft:potato":13,"minecraft:cooked_beef":16,"minecraft:iron_leggings":1,"minecraft:wheat_seeds":16,"minecraft:cooked_mutton":5,"minecraft:water_bucket":21,"minecraft:diorite":1,"minecraft:stone_pickaxe":132,"minecraft:oak_planks":2,"minecraft:wooden_pickaxe":17,"minecraft:composter":13,"minecraft:sugar_cane":32,"minecraft:white_wool":7,"minecraft:salmon":3,"minecraft:golden_apple":1,"minecraft:glow_berries":6,"minecraft:crafting_table":8,"minecraft:crossbow":3,"minecraft:white_bed":14,"minecraft:spruce_log":1,"minecraft:bread":8,"minecraft:oak_button":8,"minecraft:iron_pickaxe":714,"minecraft:lectern":19,"minecraft:oak_pressure_plate":2,"minecraft:iron_door":3,"minecraft:gravel":2,"minecraft:green_carpet":2,"minecraft:stone_axe":11,"minecraft:fishing_rod":3,"minecraft:cobblestone":70,"minecraft:cooked_rabbit":1,"minecraft:cooked_porkchop":10,"minecraft:andesite":7,"minecraft:bucket":22,"minecraft:oak_boat":7,"minecraft:bone_meal":36,"minecraft:gray_wool":1},"minecraft:dropped":{"minecraft:iron_ingot":14,"minecraft:iron_sword":1,"minecraft:wheat_seeds":2,"minecraft:lapis_lazuli":63,"minecraft:cooked_porkchop":7,"minecraft:iron_helmet":1,"minecraft:feather":8,"minecraft:cobblestone":15,"minecraft:grass_block":1,"minecraft:coal":72,"minecraft:yellow_carpet":1,"minecraft:stick":2,"minecraft:dirt":8,"minecraft:diorite":2,"minecraft:iron_leggings":1,"minecraft:iron_pickaxe":1,"minecraft:string":4,"minecraft:white_wool":6,"minecraft:redstone":40,"minecraft:stone_axe":1,"minecraft:wheat":2,"minecraft:chicken":1,"minecraft:white_carpet":1,"minecraft:rotten_flesh":7,"minecraft:iron_boots":1,"minecraft:carrot":88,"minecraft:shield":2,"minecraft:iron_chestplate":1,"minecraft:andesite":18,"minecraft:melon_seeds":4,"minecraft:spider_eye":5},"minecraft:picked_up":{"minecraft:wooden_axe":2,"minecraft:fishing_rod":2,"minecraft:crafting_table":6,"minecraft:iron_chestplate":2,"minecraft:wheat":12,"minecraft:chicken":8,"minecraft:leather_leggings":1,"minecraft:wooden_pickaxe":1,"minecraft:oak_stairs":1,"minecraft:cooked_rabbit":1,"minecraft:shield":6,"minecraft:cornflower":6,"minecraft:string":33,"minecraft:iron_leggings":6,"minecraft:white_carpet":1,"minecraft:beetroot":2,"minecraft:cobbled_deepslate":24,"minecraft:spruce_planks":4,"minecraft:beef":25,"minecraft:oak_boat":8,"minecraft:lectern":18,"minecraft:poppy":1,"minecraft:iron_pickaxe":3,"minecraft:sugar_cane":59,"minecraft:birch_sapling":2,"minecraft:egg":1,"minecraft:furnace":1,"minecraft:iron_boots":4,"minecraft:stick":2,"minecraft:raw_iron":206,"minecraft:oak_door":1,"minecraft:composter":13,"minecraft:torch":53,"minecraft:porkchop":13,"minecraft:diorite":3,"minecraft:carrot":121,"minecraft:redstone":41,"minecraft:arrow":16,"minecraft:rotten_flesh":48,"minecraft:beetroot_seeds":6,"minecraft:saddle":2,"minecraft:mutton":23,"minecraft:white_wool":15,"minecraft:cobblestone":323,"minecraft:birch_log":1,"minecraft:feather":13,"minecraft:cooked_beef":20,"minecraft:andesite":27,"minecraft:water_bucket":2,"minecraft:salmon":16,"minecraft:leather":18,"minecraft:potato":13,"minecraft:oak_log":34,"minecraft:gunpowder":7,"minecraft:lapis_lazuli":197,"minecraft:dirt":113,"minecraft:white_banner":9,"minecraft:cooked_mutton":2,"minecraft:bone":13,"minecraft:bow":1,"minecraft:stonecutter":1,"minecraft:wheat_seeds":42,"minecraft:raw_gold":28,"minecraft:iron_ingot":39,"minecraft:cooked_chicken":2,"minecraft:glowstone_dust":6,"minecraft:iron_sword":5,"minecraft:oak_planks":11,"minecraft:cooked_porkchop":3,"minecraft:oak_pressure_plate":2,"minecraft:dandelion":18,"minecraft:raw_iron_block":1,"minecraft:gravel":2,"minecraft:ink_sac":7,"minecraft:grass_block":3,"minecraft:white_bed":12,"minecraft:spruce_log":28,"minecraft:green_carpet":2,"minecraft:spider_eye":7,"minecraft:yellow_carpet":2,"minecraft:slime_ball":1,"minecraft:diamond":1,"minecraft:stone_axe":2,"minecraft:iron_helmet":3,"minecraft:crossbow":2,"minecraft:granite":2,"minecraft:black_wool":1,"minecraft:gray_wool":1,"minecraft:emerald":21,"minecraft:oak_button":3,"minecraft:oak_sapling":3,"minecraft:melon_seeds":2,"minecraft:coal":297,"minecraft:ender_pearl":1}},"DataVersion":3465}