{"stats":{"minecraft:broken":{"minecraft:iron_pickaxe":1},"minecraft:custom":{"minecraft:mob_kills":96,"minecraft:animals_bred":1,"minecraft:interact_with_crafting_table":35,"minecraft:leave_game":2,"minecraft:time_since_death":10179,"minecraft:sprint_one_cm":439277,"minecraft:walk_one_cm":367202,"minecraft:damage_blocked_by_shield":1020,"minecraft:drop":31,"minecraft:talked_to_villager":1,"minecraft:raid_win":1,"minecraft:play_time":158060,"minecraft:sneak_time":14597,"minecraft:deaths":22,"minecraft:walk_under_water_one_cm":14910,"minecraft:boat_one_cm":386821,"minecraft:jump":2920,"minecraft:walk_on_water_one_cm":30116,"minecraft:total_world_time":158060,"minecraft:interact_with_furnace":52,"minecraft:raid_trigger":1,"minecraft:sleep_in_bed":6,"minecraft:time_since_rest":3638,"minecraft:damage_taken":9594,"minecraft:damage_dealt":17476,"minecraft:player_kills":1,"minecraft:swim_one_cm":20835,"minecraft:fly_one_cm":603681,"minecraft:open_chest":18,"minecraft:crouch_one_cm":41044,"minecraft:fall_one_cm":73365,"minecraft:horse_one_cm":194933},"minecraft:crafted":{"minecraft:oak_planks":32,"minecraft:cooked_chicken":2,"minecraft:furnace":7,"minecraft:flint_and_steel":1,"minecraft:iron_boots":1,"minecraft:iron_axe":1,"minecraft:stone_pickaxe":1,"minecraft:oak_slab":6,"minecraft:cooked_porkchop":8,"minecraft:crafting_table":7,"minecraft:iron_helmet":1,"minecraft:wooden_pickaxe":1,"minecraft:iron_sword":2,"minecraft:bucket":1,"minecraft:birch_planks":48,"minecraft:stone_axe":1,"minecraft:air":0,"minecraft:oak_boat":1,"minecraft:iron_chestplate":1,"minecraft:white_wool":7,"minecraft:diamond_pickaxe":1,"minecraft:shield":1,"minecraft:stick":60,"minecraft:iron_ingot":83,"minecraft:iron_pickaxe":2,"minecraft:wooden_axe":1,"minecraft:iron_leggings":2,"minecraft:white_bed":2,"minecraft:torch":164},"minecraft:mined":{"minecraft:tuff":2,"minecraft:white_bed":5,"minecraft:deepslate_diamond_ore":6,"minecraft:obsidian":1,"minecraft:grass_block":18,"minecraft:spawner":1,"minecraft:hay_block":2,"minecraft:iron_ore":77,"minecraft:cobbled_deepslate":2,"minecraft:fire":18,"minecraft:andesite":25,"minecraft:deepslate_lapis_ore":11,"minecraft:cave_vines":1,"minecraft:deepslate_iron_ore":21,"minecraft:oak_stairs":1,"minecraft:stone":200,"minecraft:dandelion":1,"minecraft:crafting_table":2,"minecraft:cornflower":2,"minecraft:torch":3,"minecraft:emerald_ore":2,"minecraft:tall_grass":8,"minecraft:cobblestone":22,"minecraft:deepslate_gold_ore":11,"minecraft:lapis_ore":2,"minecraft:sugar_cane":8,"minecraft:diorite":34,"minecraft:wall_torch":1,"minecraft:birch_log":19,"minecraft:wheat":2,"minecraft:birch_leaves":5,"minecraft:grass":25,"minecraft:coal_ore":87,"minecraft:oak_log":8,"minecraft:dirt":9,"minecraft:gravel":14,"minecraft:smooth_basalt":8,"minecraft:gold_ore":8,"minecraft:oak_leaves":2,"minecraft:deepslate":15},"minecraft:killed":{"minecraft:evoker":1,"minecraft:vex":1,"minecraft:cave_spider":1,"minecraft:witch":2,"minecraft:vindicator":3,"minecraft:spider":4,"minecraft:skeleton":9,"minecraft:chicken":7,"minecraft:drowned":2,"minecraft:pig":15,"minecraft:creeper":3,"minecraft:sheep":4,"minecraft:pillager":4,"minecraft:zombie":27,"minecraft:enderman":2,"minecraft:cow":6},"minecraft:used":{"minecraft:flint_and_steel":51,"minecraft:shield":18,"minecraft:iron_sword":86,"minecraft:cooked_chicken":4,"minecraft:rotten_flesh":25,"minecraft:iron_chestplate":1,"minecraft:torch":189,"minecraft:dirt":12,"minecraft:tuff":2,"minecraft:wooden_axe":19,"minecraft:iron_axe":146,"minecraft:iron_helmet":1,"minecraft:iron_boots":3,"minecraft:smooth_basalt":9,"minecraft:bow":2,"minecraft:hay_block":1,"minecraft:furnace":7,"minecraft:egg":2,"minecraft:cooked_beef":6,"minecraft:cobbled_deepslate":14,"minecraft:iron_leggings":2,"minecraft:wheat_seeds":2,"minecraft:cooked_mutton":3,"minecraft:water_bucket":20,"minecraft:diorite":32,"minecraft:stone_pickaxe":103,"minecraft:oak_planks":1,"minecraft:wooden_pickaxe":4,"minecraft:glow_berries":7,"minecraft:oak_slab":1,"minecraft:crafting_table":9,"minecraft:white_bed":5,"minecraft:diamond_pickaxe":44,"minecraft:bread":7,"minecraft:iron_pickaxe":394,"minecraft:gravel":8,"minecraft:stone_axe":45,"minecraft:fishing_rod":2,"minecraft:cobblestone":147,"minecraft:white_banner":3,"minecraft:cooked_porkchop":15,"minecraft:andesite":19,"minecraft:bucket":21,"minecraft:oak_boat":3},"minecraft:killed_by":{"minecraft:evoker":2,"minecraft:pillager":2,"minecraft:ravager":7,"minecraft:vindicator":4,"minecraft:skeleton":2,"minecraft:zombie":1,"minecraft:witch":2,"minecraft:vex":2},"minecraft:dropped":{"minecraft:iron_ingot":17,"minecraft:iron_sword":2,"minecraft:wheat_seeds":6,"minecraft:cooked_beef":6,"minecraft:cooked_porkchop":5,"minecraft:mutton":1,"minecraft:white_wool":5,"minecraft:bone":10,"minecraft:redstone":1,"minecraft:gravel":14,"minecraft:stone_axe":1,"minecraft:cobbled_deepslate":2,"minecraft:chicken":1,"minecraft:oak_planks":1,"minecraft:white_bed":1,"minecraft:pumpkin_seeds":1,"minecraft:beetroot_seeds":1,"minecraft:andesite":10,"minecraft:bow":1,"minecraft:stone_pickaxe":1,"minecraft:wooden_pickaxe":1},"minecraft:picked_up":{"minecraft:fishing_rod":6,"minecraft:iron_chestplate":14,"minecraft:crafting_table":3,"minecraft:wheat":2,"minecraft:chicken":17,"minecraft:oak_stairs":6,"minecraft:diamond_horse_armor":3,"minecraft:shield":12,"minecraft:cornflower":1,"minecraft:string":86,"minecraft:iron_axe":7,"minecraft:flint_and_steel":2,"minecraft:iron_leggings":14,"minecraft:beetroot":8,"minecraft:cobbled_deepslate":16,"minecraft:oak_boat":11,"minecraft:poppy":3,"minecraft:iron_pickaxe":5,"minecraft:sugar_cane":40,"minecraft:birch_sapling":2,"minecraft:iron_boots":10,"minecraft:egg":2,"minecraft:stick":12,"minecraft:raw_iron":161,"minecraft:torch":50,"minecraft:porkchop":149,"minecraft:diorite":34,"minecraft:carrot":2,"minecraft:redstone":4,"minecraft:arrow":68,"minecraft:rotten_flesh":73,"minecraft:beetroot_seeds":18,"minecraft:hay_block":5,"minecraft:totem_of_undying":6,"minecraft:saddle":13,"minecraft:obsidian":7,"minecraft:mutton":3,"minecraft:white_wool":11,"minecraft:cobblestone":272,"minecraft:birch_log":45,"minecraft:feather":32,"minecraft:cooked_beef":71,"minecraft:water_bucket":4,"minecraft:andesite":37,"minecraft:leather":20,"minecraft:potato":24,"minecraft:birch_planks":15,"minecraft:flint":13,"minecraft:tuff":2,"minecraft:oak_log":8,"minecraft:gunpowder":19,"minecraft:lapis_lazuli":344,"minecraft:dirt":149,"minecraft:white_banner":20,"minecraft:name_tag":6,"minecraft:cooked_mutton":12,"minecraft:bone":74,"minecraft:bow":14,"minecraft:wheat_seeds":49,"minecraft:raw_gold":152,"minecraft:iron_ingot":103,"minecraft:cooked_chicken":2,"minecraft:glass_bottle":1,"minecraft:glowstone_dust":6,"minecraft:iron_sword":15,"minecraft:oak_planks":10,"minecraft:oak_slab":20,"minecraft:smooth_basalt":9,"minecraft:cooked_porkchop":45,"minecraft:dandelion":12,"minecraft:gravel":22,"minecraft:white_bed":12,"minecraft:grass_block":3,"minecraft:spider_eye":1,"minecraft:sugar":7,"minecraft:diamond":12,"minecraft:stone_axe":1,"minecraft:iron_helmet":7,"minecraft:crossbow":2,"minecraft:bread":42,"minecraft:emerald":25,"minecraft:oak_sapling":8,"minecraft:coal":289,"minecraft:diamond_pickaxe":2}},"DataVersion":3465}