{"stats":{"minecraft:broken":{"minecraft:wooden_sword":1,"minecraft:iron_pickaxe":1,"minecraft:wooden_axe":1},"minecraft:custom":{"minecraft:mob_kills":49,"minecraft:interact_with_crafting_table":13,"minecraft:leave_game":1,"minecraft:time_since_death":1867,"minecraft:sprint_one_cm":356264,"minecraft:walk_one_cm":361707,"minecraft:drop":58,"minecraft:talked_to_villager":3,"minecraft:raid_win":1,"minecraft:play_time":124329,"minecraft:deaths":38,"minecraft:sneak_time":3556,"minecraft:walk_under_water_one_cm":8491,"minecraft:boat_one_cm":465943,"minecraft:jump":1780,"minecraft:walk_on_water_one_cm":17022,"minecraft:total_world_time":124329,"minecraft:interact_with_furnace":23,"minecraft:sleep_in_bed":4,"minecraft:time_since_rest":1888,"minecraft:damage_taken":13470,"minecraft:damage_dealt":6427,"minecraft:swim_one_cm":12040,"minecraft:fly_one_cm":740663,"minecraft:open_chest":6,"minecraft:crouch_one_cm":5264,"minecraft:fall_one_cm":47123},"minecraft:crafted":{"minecraft:wooden_sword":1,"minecraft:oak_planks":16,"minecraft:cooked_chicken":6,"minecraft:furnace":1,"minecraft:iron_boots":1,"minecraft:iron_axe":1,"minecraft:cooked_rabbit":1,"minecraft:cooked_porkchop":3,"minecraft:crafting_table":1,"minecraft:wooden_pickaxe":1,"minecraft:iron_helmet":1,"minecraft:iron_sword":1,"minecraft:birch_planks":20,"minecraft:air":0,"minecraft:oak_boat":1,"minecraft:iron_chestplate":1,"minecraft:charcoal":4,"minecraft:stick":16,"minecraft:iron_ingot":48,"minecraft:iron_pickaxe":2,"minecraft:wooden_axe":2,"minecraft:iron_shovel":1,"minecraft:iron_leggings":1,"minecraft:torch":16},"minecraft:mined":{"minecraft:white_bed":3,"minecraft:mossy_cobblestone":1,"minecraft:glow_lichen":1,"minecraft:budding_amethyst":3,"minecraft:grass_block":7,"minecraft:spawner":1,"minecraft:furnace":3,"minecraft:iron_ore":15,"minecraft:fire":5,"minecraft:andesite":9,"minecraft:pumpkin":23,"minecraft:small_amethyst_bud":1,"minecraft:deepslate_iron_ore":4,"minecraft:rail":19,"minecraft:stone":250,"minecraft:dandelion":6,"minecraft:crafting_table":11,"minecraft:torch":1,"minecraft:calcite":14,"minecraft:poppy":1,"minecraft:tall_grass":17,"minecraft:copper_ore":2,"minecraft:cobblestone":7,"minecraft:oak_planks":1,"minecraft:diorite":1,"minecraft:wall_torch":4,"minecraft:amethyst_block":53,"minecraft:chain":20,"minecraft:birch_log":25,"minecraft:birch_leaves":2,"minecraft:bee_nest":3,"minecraft:grass":36,"minecraft:oak_log":36,"minecraft:coal_ore":34,"minecraft:gravel":66,"minecraft:dirt":14,"minecraft:cobweb":19,"minecraft:smooth_basalt":2,"minecraft:oak_leaves":53,"minecraft:deepslate":1,"minecraft:fern":1},"minecraft:killed":{"minecraft:evoker":1,"minecraft:cave_spider":1,"minecraft:witch":1,"minecraft:skeleton":2,"minecraft:chicken":15,"minecraft:pig":12,"minecraft:salmon":3,"minecraft:bat":1,"minecraft:creeper":1,"minecraft:squid":1,"minecraft:pillager":3,"minecraft:zombie":2,"minecraft:cow":4},"minecraft:used":{"minecraft:iron_shovel":72,"minecraft:iron_sword":147,"minecraft:rotten_flesh":4,"minecraft:cooked_chicken":2,"minecraft:torch":9,"minecraft:dirt":10,"minecraft:wooden_axe":96,"minecraft:iron_axe":33,"minecraft:furnace":2,"minecraft:egg":5,"minecraft:diorite":1,"minecraft:amethyst_block":1,"minecraft:wooden_pickaxe":29,"minecraft:crafting_table":9,"minecraft:white_bed":2,"minecraft:oak_log":8,"minecraft:apple":2,"minecraft:iron_pickaxe":418,"minecraft:fishing_rod":1,"minecraft:wooden_sword":40,"minecraft:cobblestone":165,"minecraft:cooked_porkchop":6,"minecraft:oak_boat":2},"minecraft:killed_by":{"minecraft:evoker":1,"minecraft:pillager":2,"minecraft:enderman":3,"minecraft:iron_golem":1,"minecraft:ravager":7,"minecraft:vindicator":14,"minecraft:skeleton":1,"minecraft:witch":3,"minecraft:vex":5},"minecraft:dropped":{"minecraft:iron_ingot":4,"minecraft:oak_slab":5,"minecraft:porkchop":16,"minecraft:birch_planks":1,"minecraft:wheat_seeds":3,"minecraft:cooked_beef":6,"minecraft:mossy_cobblestone":1,"minecraft:cooked_porkchop":4,"minecraft:cobblestone":6,"minecraft:feather":6,"minecraft:chest_minecart":1,"minecraft:saddle":1,"minecraft:coal":34,"minecraft:stick":5,"minecraft:flint":5,"minecraft:dirt":14,"minecraft:wooden_axe":1,"minecraft:iron_leggings":1,"minecraft:oak_stairs":1,"minecraft:white_banner":2,"minecraft:iron_axe":1,"minecraft:iron_pickaxe":1,"minecraft:fishing_rod":1,"minecraft:dandelion":2,"minecraft:bone":5,"minecraft:redstone":1,"minecraft:cooked_chicken":4,"minecraft:detector_rail":3,"minecraft:cobbled_deepslate":2,"minecraft:raw_copper":5,"minecraft:obsidian":1,"minecraft:chicken":1,"minecraft:iron_boots":1,"minecraft:oak_planks":2,"minecraft:white_bed":1,"minecraft:shield":1,"minecraft:gunpowder":1,"minecraft:iron_chestplate":1,"minecraft:beetroot_seeds":1,"minecraft:andesite":9,"minecraft:oak_sapling":1,"minecraft:oak_boat":1,"minecraft:spider_eye":2,"minecraft:arrow":2,"minecraft:bow":1,"minecraft:powered_rail":2,"minecraft:wooden_pickaxe":1,"minecraft:cooked_rabbit":1},"minecraft:picked_up":{"minecraft:fishing_rod":8,"minecraft:iron_chestplate":3,"minecraft:crafting_table":11,"minecraft:chicken":16,"minecraft:chest_minecart":1,"minecraft:wooden_pickaxe":1,"minecraft:oak_stairs":5,"minecraft:chain":17,"minecraft:shield":1,"minecraft:amethyst_block":53,"minecraft:cornflower":2,"minecraft:iron_axe":1,"minecraft:string":48,"minecraft:raw_copper":5,"minecraft:iron_leggings":5,"minecraft:cobbled_deepslate":2,"minecraft:beef":7,"minecraft:oak_boat":2,"minecraft:calcite":14,"minecraft:poppy":7,"minecraft:iron_pickaxe":2,"minecraft:iron_boots":5,"minecraft:furnace":3,"minecraft:egg":5,"minecraft:stick":15,"minecraft:raw_iron":20,"minecraft:torch":11,"minecraft:porkchop":90,"minecraft:diorite":1,"minecraft:carrot":1,"minecraft:redstone":6,"minecraft:arrow":12,"minecraft:rotten_flesh":15,"minecraft:beetroot_seeds":7,"minecraft:totem_of_undying":4,"minecraft:saddle":4,"minecraft:obsidian":7,"minecraft:rail":19,"minecraft:cobblestone":263,"minecraft:birch_log":26,"minecraft:feather":6,"minecraft:cooked_beef":11,"minecraft:water_bucket":1,"minecraft:andesite":9,"minecraft:salmon":7,"minecraft:leather":8,"minecraft:potato":42,"minecraft:flint":5,"minecraft:oak_log":36,"minecraft:gunpowder":1,"minecraft:dirt":80,"minecraft:white_banner":7,"minecraft:bone":39,"minecraft:apple":2,"minecraft:bow":4,"minecraft:wheat_seeds":8,"minecraft:raw_gold":76,"minecraft:iron_ingot":21,"minecraft:glass_bottle":3,"minecraft:rabbit":1,"minecraft:glowstone_dust":16,"minecraft:iron_sword":12,"minecraft:oak_planks":9,"minecraft:oak_slab":25,"minecraft:smooth_basalt":2,"minecraft:cooked_porkchop":9,"minecraft:pumpkin":23,"minecraft:dandelion":11,"minecraft:gravel":72,"minecraft:ink_sac":2,"minecraft:white_bed":11,"minecraft:spider_eye":3,"minecraft:mossy_cobblestone":1,"minecraft:pumpkin_seeds":1,"minecraft:iron_helmet":1,"minecraft:crossbow":1,"minecraft:oak_sapling":15,"minecraft:coal":33}},"DataVersion":3465}